dataset,algorithm,variant,metric,metric_group,n,mean,median,trimean,best_25,worst_25,max,min
cubepp,bright_pixels,top_5_percent,angular_error,single_illuminant_errors,4866,3.508891,2.162481,2.492628,0.538785,8.801803,39.090814,0.029273
cubepp,bright_pixels,top_5_percent,recovery_angular_error,single_illuminant_errors,4866,3.508891,2.162481,2.492628,0.538785,8.801803,39.090814,0.029273
cubepp,bright_pixels,top_5_percent,recovery_delta_e_2000,single_illuminant_errors,4866,3.405798,2.002562,2.316619,0.475166,8.775726,40.559999,0.022099
cubepp,bright_pixels,top_5_percent,reproduction_angular_error,single_illuminant_errors,4866,4.425533,2.808403,3.264021,0.704543,10.847739,32.064932,0.026483
cubepp,bright_pixels,top_5_percent,reproduction_delta_e_2000,single_illuminant_errors,4866,6.276998,4.587314,5.051154,1.358733,14.02046,27.434711,0.060003
cubepp,cheng,prc_0_5,angular_error,single_illuminant_errors,4866,4.127336,2.300824,2.703016,0.595931,10.805523,27.11682,0.0202
cubepp,cheng,prc_0_5,recovery_angular_error,single_illuminant_errors,4866,4.127336,2.300824,2.703016,0.595931,10.805523,27.11682,0.0202
cubepp,cheng,prc_0_5,recovery_delta_e_2000,single_illuminant_errors,4866,4.192889,2.07124,2.46755,0.532005,11.617062,24.834455,0.024781
cubepp,cheng,prc_0_5,reproduction_angular_error,single_illuminant_errors,4866,4.92789,3.016383,3.472379,0.762259,12.375895,30.0092,0.027149
cubepp,cheng,prc_0_5,reproduction_delta_e_2000,single_illuminant_errors,4866,7.429994,5.333565,5.919094,1.517357,16.829551,25.481237,0.082777
cubepp,fast_awb,default,angular_error,single_illuminant_errors,4866,3.661954,2.615464,2.915042,0.528968,8.44256,44.789286,0.034372
cubepp,fast_awb,default,recovery_angular_error,single_illuminant_errors,4866,3.661954,2.615464,2.915042,0.528968,8.44256,44.789286,0.034372
cubepp,fast_awb,default,recovery_delta_e_2000,single_illuminant_errors,4866,3.337999,2.387299,2.671933,0.473679,7.693535,44.64014,0.035703
cubepp,fast_awb,default,reproduction_angular_error,single_illuminant_errors,4866,4.791124,3.516757,3.900209,0.687781,10.883849,32.08972,0.032094
cubepp,fast_awb,default,reproduction_delta_e_2000,single_illuminant_errors,4866,6.408353,5.453947,5.71542,1.345929,13.093603,25.883373,0.111096
cubepp,gray_edge,first_order,angular_error,single_illuminant_errors,4866,5.828595,4.81031,5.058682,1.594887,11.786343,39.489232,0.012683
cubepp,gray_edge,first_order,recovery_angular_error,single_illuminant_errors,4866,5.828595,4.81031,5.058682,1.594887,11.786343,39.489232,0.012683
cubepp,gray_edge,first_order,recovery_delta_e_2000,single_illuminant_errors,4866,5.550982,4.116023,4.419183,1.360896,12.245679,52.21839,0.009129
cubepp,gray_edge,first_order,reproduction_angular_error,single_illuminant_errors,4866,7.237179,6.214773,6.478925,1.983365,14.185592,32.334349,0.014918
cubepp,gray_edge,first_order,reproduction_delta_e_2000,single_illuminant_errors,4866,10.622792,9.667054,10.004601,3.759811,19.091186,27.074824,0.031263
cubepp,gray_pixels,qian_gi,angular_error,single_illuminant_errors,4866,5.345553,3.900112,4.20061,0.880349,12.271664,43.977662,0.009106
cubepp,gray_pixels,qian_gi,recovery_angular_error,single_illuminant_errors,4866,5.345553,3.900112,4.20061,0.880349,12.271664,43.977662,0.009106
cubepp,gray_pixels,qian_gi,recovery_delta_e_2000,single_illuminant_errors,4866,5.153481,3.571819,3.827496,0.801881,12.311815,42.634598,0.007303
cubepp,gray_pixels,qian_gi,reproduction_angular_error,single_illuminant_errors,4866,6.779686,5.186737,5.580219,1.160265,15.00826,32.765663,0.012617
cubepp,gray_pixels,qian_gi,reproduction_delta_e_2000,single_illuminant_errors,4866,8.448544,7.054956,7.358939,2.020017,17.200838,27.345287,0.019306
cubepp,gray_pixels,yang,angular_error,single_illuminant_errors,4866,3.422678,2.485572,2.734475,0.560542,7.825741,38.8288,0.018827
cubepp,gray_pixels,yang,recovery_angular_error,single_illuminant_errors,4866,3.422678,2.485572,2.734475,0.560542,7.825741,38.8288,0.018827
cubepp,gray_pixels,yang,recovery_delta_e_2000,single_illuminant_errors,4866,3.166925,2.334517,2.554339,0.514859,7.223547,39.477176,0.012757
cubepp,gray_pixels,yang,reproduction_angular_error,single_illuminant_errors,4866,4.530512,3.398317,3.695324,0.719973,10.245031,30.723879,0.031473
cubepp,gray_pixels,yang,reproduction_delta_e_2000,single_illuminant_errors,4866,5.927003,4.963493,5.216716,1.376762,12.057493,24.729026,0.068508
cubepp,gray_world,naive,angular_error,single_illuminant_errors,4866,3.667929,2.622991,2.923429,0.559548,8.42577,44.780892,0.007818
cubepp,gray_world,naive,recovery_angular_error,single_illuminant_errors,4866,3.667929,2.622991,2.923429,0.559548,8.42577,44.780892,0.007818
cubepp,gray_world,naive,recovery_delta_e_2000,single_illuminant_errors,4866,3.342652,2.401634,2.680537,0.501375,7.678252,44.648007,0.007336
cubepp,gray_world,naive,reproduction_angular_error,single_illuminant_errors,4866,4.793928,3.549876,3.915881,0.718608,10.861708,31.897445,0.01066
cubepp,gray_world,naive,reproduction_delta_e_2000,single_illuminant_errors,4866,6.430138,5.483922,5.740383,1.437752,13.062423,25.852071,0.016178
cubepp,local_space_average_color,default,mean_angular_error,multi_illuminant_errors,4866,4.405539,3.748944,3.880948,1.195615,8.786981,44.036854,0.194967
cubepp,local_space_average_color,default,mean_recovery_angular_error,multi_illuminant_errors,4866,4.405539,3.748944,3.880948,1.195615,8.786981,44.036854,0.194967
cubepp,local_space_average_color,default,mean_recovery_delta_e_2000,multi_illuminant_errors,4866,4.028526,3.435547,3.560432,1.083092,8.02526,43.903319,0.16334
cubepp,local_space_average_color,default,mean_reproduction_angular_error,multi_illuminant_errors,4866,5.751102,4.950536,5.124314,1.630764,11.259056,31.974512,0.256208
cubepp,local_space_average_color,default,mean_reproduction_delta_e_2000,multi_illuminant_errors,4866,7.363379,6.824257,6.932062,2.648031,13.045159,25.528443,0.538227
cubepp,max_rgb,naive,angular_error,single_illuminant_errors,4866,13.036498,16.032414,13.641445,1.677523,22.824094,64.480849,0.04237
cubepp,max_rgb,naive,recovery_angular_error,single_illuminant_errors,4866,13.036498,16.032414,13.641445,1.677523,22.824094,64.480849,0.04237
cubepp,max_rgb,naive,recovery_delta_e_2000,single_illuminant_errors,4866,15.467828,19.431897,16.4247,1.56858,26.397316,71.555177,0.031847
cubepp,max_rgb,naive,reproduction_angular_error,single_illuminant_errors,4866,13.114634,16.439711,14.05783,2.069161,21.893479,42.223241,0.041791
cubepp,max_rgb,naive,reproduction_delta_e_2000,single_illuminant_errors,4866,16.799816,21.689259,18.764151,3.827814,24.10705,30.240459,0.143719
cubepp,multi_light_grid,gray_edge,mean_angular_error,multi_illuminant_errors,4866,7.745471,6.251437,6.547874,2.77367,15.296393,63.668911,0.430133
cubepp,multi_light_grid,gray_edge,mean_recovery_angular_error,multi_illuminant_errors,4866,7.745471,6.251437,6.547874,2.77367,15.296393,63.668911,0.430133
cubepp,multi_light_grid,gray_edge,mean_recovery_delta_e_2000,multi_illuminant_errors,4866,7.939095,5.798869,6.248663,2.463661,17.075502,76.82181,0.349789
cubepp,multi_light_grid,gray_edge,mean_reproduction_angular_error,multi_illuminant_errors,4866,9.093811,7.761159,8.031289,3.458555,17.009302,51.831596,0.528257
cubepp,multi_light_grid,gray_edge,mean_reproduction_delta_e_2000,multi_illuminant_errors,4866,12.344829,11.355352,11.737681,5.729184,20.447468,32.192582,1.140443
cubepp,multi_light_grid,gray_world,mean_angular_error,multi_illuminant_errors,4866,4.597386,3.949982,4.079327,1.327648,9.009375,44.670799,0.204518
cubepp,multi_light_grid,gray_world,mean_recovery_angular_error,multi_illuminant_errors,4866,4.597386,3.949982,4.079327,1.327648,9.009375,44.670799,0.204518
cubepp,multi_light_grid,gray_world,mean_recovery_delta_e_2000,multi_illuminant_errors,4866,4.190055,3.606234,3.72186,1.19559,8.21308,44.50034,0.170165
cubepp,multi_light_grid,gray_world,mean_reproduction_angular_error,multi_illuminant_errors,4866,5.990588,5.233196,5.378562,1.805642,11.49966,32.000687,0.256116
cubepp,multi_light_grid,gray_world,mean_reproduction_delta_e_2000,multi_illuminant_errors,4866,7.618497,7.122215,7.21402,2.904349,13.228846,25.523648,0.525391
cubepp,shades_of_gray,default,angular_error,single_illuminant_errors,4866,6.464488,4.769306,5.398921,0.728915,14.800812,31.630066,0.035332
cubepp,shades_of_gray,default,recovery_angular_error,single_illuminant_errors,4866,6.464488,4.769306,5.398921,0.728915,14.800812,31.630066,0.035332
cubepp,shades_of_gray,default,recovery_delta_e_2000,single_illuminant_errors,4866,6.434924,4.368965,5.091218,0.653575,15.446792,35.656843,0.026532
cubepp,shades_of_gray,default,reproduction_angular_error,single_illuminant_errors,4866,7.430948,5.719677,6.461765,0.937716,16.340472,30.140722,0.037727
cubepp,shades_of_gray,default,reproduction_delta_e_2000,single_illuminant_errors,4866,11.031021,10.457217,10.736503,1.741286,21.227723,27.13546,0.099681
cubepp,shades_of_gray,p3,angular_error,single_illuminant_errors,4866,3.708604,2.554722,2.830021,0.553579,8.908944,26.896508,0.028881
cubepp,shades_of_gray,p3,recovery_angular_error,single_illuminant_errors,4866,3.708604,2.554722,2.830021,0.553579,8.908944,26.896508,0.028881
cubepp,shades_of_gray,p3,recovery_delta_e_2000,single_illuminant_errors,4866,3.456501,2.248999,2.5014,0.483844,8.571904,31.373203,0.024919
cubepp,shades_of_gray,p3,reproduction_angular_error,single_illuminant_errors,4866,4.646518,3.356718,3.688901,0.731754,10.798864,28.147649,0.033563
cubepp,shades_of_gray,p3,reproduction_delta_e_2000,single_illuminant_errors,4866,6.884006,5.463863,5.799856,1.413954,14.757067,26.661234,0.087234
gehler,bright_pixels,top_5_percent,angular_error,single_illuminant_errors,568,3.459288,2.106591,2.455927,0.478579,8.559726,28.376646,0.077902
gehler,bright_pixels,top_5_percent,recovery_angular_error,single_illuminant_errors,568,3.459288,2.106591,2.455927,0.478579,8.559726,28.376646,0.077902
gehler,bright_pixels,top_5_percent,recovery_delta_e_2000,single_illuminant_errors,568,3.205422,2.022561,2.314503,0.447509,7.872082,22.660752,0.064465
gehler,bright_pixels,top_5_percent,reproduction_angular_error,single_illuminant_errors,568,4.469681,2.805681,3.285587,0.598334,11.045128,40.292292,0.102639
gehler,bright_pixels,top_5_percent,reproduction_delta_e_2000,single_illuminant_errors,568,5.8229,4.431686,4.824838,1.135919,12.949436,31.446865,0.178825
gehler,cheng,prc_0_5,angular_error,single_illuminant_errors,568,3.850487,2.303185,2.654246,0.51572,9.833684,28.385224,0.021248
gehler,cheng,prc_0_5,recovery_angular_error,single_illuminant_errors,568,3.850487,2.303185,2.654246,0.51572,9.833684,28.385224,0.021248
gehler,cheng,prc_0_5,recovery_delta_e_2000,single_illuminant_errors,568,3.537004,2.127357,2.423492,0.496579,8.915661,22.664131,0.017075
gehler,cheng,prc_0_5,reproduction_angular_error,single_illuminant_errors,568,4.990993,2.932986,3.473879,0.63786,12.744318,40.086687,0.020829
gehler,cheng,prc_0_5,reproduction_delta_e_2000,single_illuminant_errors,568,6.293293,4.63302,5.068122,1.181484,14.222727,31.314649,0.072275
gehler,fast_awb,default,angular_error,single_illuminant_errors,568,4.732818,3.636296,3.912443,0.966184,10.454185,24.784494,0.032224
gehler,fast_awb,default,recovery_angular_error,single_illuminant_errors,568,4.732818,3.636296,3.912443,0.966184,10.454185,24.784494,0.032224
gehler,fast_awb,default,recovery_delta_e_2000,single_illuminant_errors,568,4.364108,3.358514,3.607785,0.870423,9.621485,21.922832,0.032615
gehler,fast_awb,default,reproduction_angular_error,single_illuminant_errors,568,6.011636,4.714165,5.016822,1.205389,13.152617,26.940108,0.031403
gehler,fast_awb,default,reproduction_delta_e_2000,single_illuminant_errors,568,7.792885,6.724003,6.961444,2.212831,15.11417,25.628079,0.108255
gehler,gray_edge,first_order,angular_error,single_illuminant_errors,568,4.867283,4.220011,4.398287,2.015277,8.814081,16.429703,0.218755
gehler,gray_edge,first_order,recovery_angular_error,single_illuminant_errors,568,4.867283,4.220011,4.398287,2.015277,8.814081,16.429703,0.218755
gehler,gray_edge,first_order,recovery_delta_e_2000,single_illuminant_errors,568,4.405436,3.798316,3.925133,1.708597,8.185403,15.924651,0.258243
gehler,gray_edge,first_order,reproduction_angular_error,single_illuminant_errors,568,6.007235,5.268432,5.466516,2.487353,10.777316,20.997091,0.227267
gehler,gray_edge,first_order,reproduction_delta_e_2000,single_illuminant_errors,568,8.935163,8.270723,8.493729,4.412734,14.41962,21.929106,0.471673
gehler,gray_pixels,qian_gi,angular_error,single_illuminant_errors,568,5.012602,4.17996,4.33488,1.055572,10.472662,23.149505,0.080099
gehler,gray_pixels,qian_gi,recovery_angular_error,single_illuminant_errors,568,5.012602,4.17996,4.33488,1.055572,10.472662,23.149505,0.080099
gehler,gray_pixels,qian_gi,recovery_delta_e_2000,single_illuminant_errors,568,4.657525,3.906591,4.039381,0.935857,9.724496,19.303763,0.078035
gehler,gray_pixels,qian_gi,reproduction_angular_error,single_illuminant_errors,568,6.399468,5.437757,5.606067,1.440066,13.199417,32.86264,0.099085
gehler,gray_pixels,qian_gi,reproduction_delta_e_2000,single_illuminant_errors,568,8.141211,7.396184,7.534081,2.574898,15.279176,28.557429,0.200011
gehler,gray_pixels,yang,angular_error,single_illuminant_errors,568,4.415312,3.422773,3.704715,1.184198,9.273623,19.512611,0.120814
gehler,gray_pixels,yang,recovery_angular_error,single_illuminant_errors,568,4.415312,3.422773,3.704715,1.184198,9.273623,19.512611,0.120814
gehler,gray_pixels,yang,recovery_delta_e_2000,single_illuminant_errors,568,4.142503,3.27667,3.510032,1.068356,8.632915,17.743057,0.119098
gehler,gray_pixels,yang,reproduction_angular_error,single_illuminant_errors,568,5.636729,4.403219,4.720705,1.516232,11.748186,26.233437,0.109024
gehler,gray_pixels,yang,reproduction_delta_e_2000,single_illuminant_errors,568,7.451291,6.430715,6.713956,2.677419,13.841274,25.355736,0.327707
gehler,gray_world,naive,angular_error,single_illuminant_errors,568,4.748212,3.61246,3.907846,0.995224,10.471509,24.795036,0.024852
gehler,gray_world,naive,recovery_angular_error,single_illuminant_errors,568,4.748212,3.61246,3.907846,0.995224,10.471509,24.795036,0.024852
gehler,gray_world,naive,recovery_delta_e_2000,single_illuminant_errors,568,4.380752,3.295392,3.608398,0.896363,9.631915,21.933727,0.023162
gehler,gray_world,naive,reproduction_angular_error,single_illuminant_errors,568,6.035621,4.74403,5.038527,1.240692,13.188047,26.938842,0.032838
gehler,gray_world,naive,reproduction_delta_e_2000,single_illuminant_errors,568,7.843024,6.706711,7.000529,2.284669,15.169449,25.74352,0.049814
gehler,local_space_average_color,default,mean_angular_error,multi_illuminant_errors,568,6.047906,4.927555,5.233198,2.4172,11.388166,24.865013,0.436383
gehler,local_space_average_color,default,mean_recovery_angular_error,multi_illuminant_errors,568,6.047906,4.927555,5.233198,2.4172,11.388166,24.865013,0.436383
gehler,local_space_average_color,default,mean_recovery_delta_e_2000,multi_illuminant_errors,568,5.551973,4.612672,4.846255,2.153115,10.457352,21.784195,0.337051
gehler,local_space_average_color,default,mean_reproduction_angular_error,multi_illuminant_errors,568,7.685684,6.585643,6.816701,3.149036,14.146696,27.478394,0.691978
gehler,local_space_average_color,default,mean_reproduction_delta_e_2000,multi_illuminant_errors,568,9.567638,8.820676,8.977986,4.706862,15.914266,25.658143,1.714604
gehler,max_rgb,naive,angular_error,single_illuminant_errors,568,10.270648,9.114593,9.468064,1.57512,20.512087,50.440435,0.186641
gehler,max_rgb,naive,recovery_angular_error,single_illuminant_errors,568,10.270648,9.114593,9.468064,1.57512,20.512087,50.440435,0.186641
gehler,max_rgb,naive,recovery_delta_e_2000,single_illuminant_errors,568,11.7135,8.573196,10.39393,1.461143,24.107384,56.757182,0.125346
gehler,max_rgb,naive,reproduction_angular_error,single_illuminant_errors,568,10.686812,10.280202,10.276732,1.902217,20.195017,30.087829,0.190955
gehler,max_rgb,naive,reproduction_delta_e_2000,single_illuminant_errors,568,13.811728,14.704384,14.298074,3.424983,22.933759,25.420209,0.538727
gehler,multi_light_grid,gray_edge,mean_angular_error,multi_illuminant_errors,568,6.593843,6.076442,6.214574,3.581473,10.421337,17.641701,1.158296
gehler,multi_light_grid,gray_edge,mean_recovery_angular_error,multi_illuminant_errors,568,6.593843,6.076442,6.214574,3.581473,10.421337,17.641701,1.158296
gehler,multi_light_grid,gray_edge,mean_recovery_delta_e_2000,multi_illuminant_errors,568,6.388769,5.753093,5.948084,3.152941,10.669633,21.193968,0.95105
gehler,multi_light_grid,gray_edge,mean_reproduction_angular_error,multi_illuminant_errors,568,7.813123,7.246819,7.43105,4.399727,12.052867,19.488457,1.17952
gehler,multi_light_grid,gray_edge,mean_reproduction_delta_e_2000,multi_illuminant_errors,568,11.224886,10.708236,10.940877,6.835721,16.465301,22.486773,2.807618
gehler,multi_light_grid,gray_world,mean_angular_error,multi_illuminant_errors,568,6.49159,5.536861,5.756654,2.598639,11.961676,24.166248,0.434939
gehler,multi_light_grid,gray_world,mean_recovery_angular_error,multi_illuminant_errors,568,6.49159,5.536861,5.756654,2.598639,11.961676,24.166248,0.434939
gehler,multi_light_grid,gray_world,mean_recovery_delta_e_2000,multi_illuminant_errors,568,5.971455,5.163773,5.296298,2.275288,11.018235,21.299321,0.334382
gehler,multi_light_grid,gray_world,mean_reproduction_angular_error,multi_illuminant_errors,568,8.196946,7.268426,7.478313,3.407756,14.687182,26.565964,0.682176
gehler,multi_light_grid,gray_world,mean_reproduction_delta_e_2000,multi_illuminant_errors,568,10.208718,9.577656,9.717318,5.126995,16.591061,25.648722,1.726519
gehler,shades_of_gray,default,angular_error,single_illuminant_errors,568,6.323994,4.532707,5.203736,0.788966,14.695336,36.215653,0.037174
gehler,shades_of_gray,default,recovery_angular_error,single_illuminant_errors,568,6.323994,4.532707,5.203736,0.788966,14.695336,36.215653,0.037174
gehler,shades_of_gray,default,recovery_delta_e_2000,single_illuminant_errors,568,6.27001,4.138901,5.004674,0.739748,15.013372,41.859468,0.034437
gehler,shades_of_gray,default,reproduction_angular_error,single_illuminant_errors,568,7.128646,5.560138,6.051783,0.940219,15.975304,26.081141,0.053061
gehler,shades_of_gray,default,reproduction_delta_e_2000,single_illuminant_errors,568,9.924251,8.559957,9.216217,1.748561,19.862911,24.709036,0.083651
gehler,shades_of_gray,p3,angular_error,single_illuminant_errors,568,4.497676,2.925386,3.468975,0.608737,10.770034,22.52757,0.04449
gehler,shades_of_gray,p3,recovery_angular_error,single_illuminant_errors,568,4.497676,2.925386,3.468975,0.608737,10.770034,22.52757,0.04449
gehler,shades_of_gray,p3,recovery_delta_e_2000,single_illuminant_errors,568,4.185006,2.79405,3.242452,0.578311,10.029961,21.37379,0.047075
gehler,shades_of_gray,p3,reproduction_angular_error,single_illuminant_errors,568,5.467279,3.682962,4.281802,0.739787,12.918383,27.585867,0.04078
gehler,shades_of_gray,p3,reproduction_delta_e_2000,single_illuminant_errors,568,7.615032,5.967979,6.518321,1.389038,16.189831,25.656684,0.113665
lsmi,bright_pixels,top_5_percent,angular_error,single_illuminant_errors,3396,3.184725,2.056239,2.25111,0.61334,7.791351,37.543347,0.029956
lsmi,bright_pixels,top_5_percent,mean_angular_error,multi_illuminant_errors,4088,6.709014,4.34079,4.82794,1.692659,15.839136,57.419605,0.143976
lsmi,bright_pixels,top_5_percent,mean_recovery_angular_error,multi_illuminant_errors,4088,6.709014,4.34079,4.82794,1.692659,15.839136,57.419605,0.143976
lsmi,bright_pixels,top_5_percent,mean_recovery_delta_e_2000,multi_illuminant_errors,4088,5.92869,3.743537,4.192788,1.415269,14.264487,46.735769,0.116343
lsmi,bright_pixels,top_5_percent,mean_reproduction_angular_error,multi_illuminant_errors,4088,8.183398,5.714044,6.211036,2.220932,18.435154,45.93264,0.149811
lsmi,bright_pixels,top_5_percent,mean_reproduction_delta_e_2000,multi_illuminant_errors,4088,9.5525,8.07627,8.422402,3.767558,17.870047,33.299031,0.362469
lsmi,bright_pixels,top_5_percent,recovery_angular_error,single_illuminant_errors,3396,3.184725,2.056239,2.25111,0.61334,7.791351,37.543347,0.029956
lsmi,bright_pixels,top_5_percent,recovery_delta_e_2000,single_illuminant_errors,3396,2.775734,1.859461,1.995479,0.543474,6.684715,30.940162,0.034593
lsmi,bright_pixels,top_5_percent,reproduction_angular_error,single_illuminant_errors,3396,4.064864,2.647552,2.914019,0.741935,9.904786,37.40237,0.030046
lsmi,bright_pixels,top_5_percent,reproduction_delta_e_2000,single_illuminant_errors,3396,5.310677,4.217229,4.403225,1.458304,11.168416,28.196496,0.071423
lsmi,cheng,prc_0_5,angular_error,single_illuminant_errors,3396,3.389223,2.333448,2.52302,0.671122,7.97062,34.937318,0.026544
lsmi,cheng,prc_0_5,mean_angular_error,multi_illuminant_errors,4088,6.964825,4.709746,5.204963,1.833999,15.925917,58.368908,0.167757
lsmi,cheng,prc_0_5,mean_recovery_angular_error,multi_illuminant_errors,4088,6.964825,4.709746,5.204963,1.833999,15.925917,58.368908,0.167757
lsmi,cheng,prc_0_5,mean_recovery_delta_e_2000,multi_illuminant_errors,4088,6.16854,4.104888,4.528985,1.535179,14.386025,47.120369,0.123444
lsmi,cheng,prc_0_5,mean_reproduction_angular_error,multi_illuminant_errors,4088,8.510295,6.173409,6.675296,2.366845,18.666866,46.029663,0.213864
lsmi,cheng,prc_0_5,mean_reproduction_delta_e_2000,multi_illuminant_errors,4088,10.016796,8.773448,9.064775,4.077376,18.058538,33.384002,0.361912
lsmi,cheng,prc_0_5,recovery_angular_error,single_illuminant_errors,3396,3.389223,2.333448,2.52302,0.671122,7.97062,34.937318,0.026544
lsmi,cheng,prc_0_5,recovery_delta_e_2000,single_illuminant_errors,3396,2.984219,2.100518,2.256754,0.594608,6.920973,29.529388,0.020657
lsmi,cheng,prc_0_5,reproduction_angular_error,single_illuminant_errors,3396,4.284648,2.954343,3.222744,0.806089,10.088936,37.844563,0.032092
lsmi,cheng,prc_0_5,reproduction_delta_e_2000,single_illuminant_errors,3396,5.732611,4.788694,4.95148,1.593004,11.51385,29.010223,0.051878
lsmi,fast_awb,default,angular_error,single_illuminant_errors,3396,4.534179,3.466894,3.694956,1.02206,9.894704,40.585323,0.033269
lsmi,fast_awb,default,mean_angular_error,multi_illuminant_errors,4088,7.239012,5.163238,5.480572,2.084483,16.142536,54.879765,0.180875
lsmi,fast_awb,default,mean_recovery_angular_error,multi_illuminant_errors,4088,7.239012,5.163238,5.480572,2.084483,16.142536,54.879765,0.180875
lsmi,fast_awb,default,mean_recovery_delta_e_2000,multi_illuminant_errors,4088,6.307306,4.339317,4.645787,1.702036,14.364241,47.181438,0.138651
lsmi,fast_awb,default,mean_reproduction_angular_error,multi_illuminant_errors,4088,8.538554,6.550445,6.853633,2.724612,17.97786,43.729805,0.201481
lsmi,fast_awb,default,mean_reproduction_delta_e_2000,multi_illuminant_errors,4088,10.3931,9.40238,9.615255,4.531849,17.925822,31.650044,0.506068
lsmi,fast_awb,default,recovery_angular_error,single_illuminant_errors,3396,4.534179,3.466894,3.694956,1.02206,9.894704,40.585323,0.033269
lsmi,fast_awb,default,recovery_delta_e_2000,single_illuminant_errors,3396,3.867178,2.97248,3.160624,0.877809,8.439359,32.948438,0.028373
lsmi,fast_awb,default,reproduction_angular_error,single_illuminant_errors,3396,5.49083,4.286309,4.561032,1.270171,11.79508,38.971516,0.047311
lsmi,fast_awb,default,reproduction_delta_e_2000,single_illuminant_errors,3396,7.799607,7.053354,7.274148,2.325857,14.657379,28.968924,0.076385
lsmi,gray_edge,first_order,angular_error,single_illuminant_errors,3396,6.767526,5.598154,5.885213,2.499031,13.037433,36.335433,0.164838
lsmi,gray_edge,first_order,mean_angular_error,multi_illuminant_errors,4088,8.25202,6.274891,6.703071,3.01773,16.861109,53.319298,0.57661
lsmi,gray_edge,first_order,mean_recovery_angular_error,multi_illuminant_errors,4088,8.25202,6.274891,6.703071,3.01773,16.861109,53.319298,0.57661
lsmi,gray_edge,first_order,mean_recovery_delta_e_2000,multi_illuminant_errors,4088,7.740669,5.477629,6.022359,2.35289,16.882183,44.404134,0.400111
lsmi,gray_edge,first_order,mean_reproduction_angular_error,multi_illuminant_errors,4088,9.174327,7.36767,7.770286,3.832384,17.597636,41.011841,0.699193
lsmi,gray_edge,first_order,mean_reproduction_delta_e_2000,multi_illuminant_errors,4088,12.721249,12.021143,12.27193,6.976084,19.547515,29.612274,1.38167
lsmi,gray_edge,first_order,recovery_angular_error,single_illuminant_errors,3396,6.767526,5.598154,5.885213,2.499031,13.037433,36.335433,0.164838
lsmi,gray_edge,first_order,recovery_delta_e_2000,single_illuminant_errors,3396,6.6198,4.906283,5.253738,1.938567,14.299855,56.037047,0.145932
lsmi,gray_edge,first_order,reproduction_angular_error,single_illuminant_errors,3396,7.39057,6.397421,6.582693,2.974519,13.609218,35.493042,0.209038
lsmi,gray_edge,first_order,reproduction_delta_e_2000,single_illuminant_errors,3396,12.376114,11.943997,12.075428,6.325666,19.108342,26.965775,0.379744
lsmi,gray_pixels,qian_gi,angular_error,single_illuminant_errors,3396,4.151721,3.041009,3.208259,0.879476,9.440353,38.01116,0.026069
lsmi,gray_pixels,qian_gi,mean_angular_error,multi_illuminant_errors,4088,6.928191,4.798736,5.136709,2.04787,15.721745,55.827618,0.221168
lsmi,gray_pixels,qian_gi,mean_recovery_angular_error,multi_illuminant_errors,4088,6.928191,4.798736,5.136709,2.04787,15.721745,55.827618,0.221168
lsmi,gray_pixels,qian_gi,mean_recovery_delta_e_2000,multi_illuminant_errors,4088,6.144675,4.022712,4.394514,1.689522,14.391606,47.550703,0.231537
lsmi,gray_pixels,qian_gi,mean_reproduction_angular_error,multi_illuminant_errors,4088,8.361007,6.312186,6.604535,2.720772,17.772769,43.65366,0.26282
lsmi,gray_pixels,qian_gi,mean_reproduction_delta_e_2000,multi_illuminant_errors,4088,9.817618,8.587377,8.799326,4.456706,17.455443,31.701641,0.442292
lsmi,gray_pixels,qian_gi,recovery_angular_error,single_illuminant_errors,3396,4.151721,3.041009,3.208259,0.879476,9.440353,38.01116,0.026069
lsmi,gray_pixels,qian_gi,recovery_delta_e_2000,single_illuminant_errors,3396,3.56431,2.621368,2.737795,0.754813,8.123465,37.180435,0.023094
lsmi,gray_pixels,qian_gi,reproduction_angular_error,single_illuminant_errors,3396,5.260125,3.95085,4.212572,1.103334,11.723758,38.338849,0.031759
lsmi,gray_pixels,qian_gi,reproduction_delta_e_2000,single_illuminant_errors,3396,6.731176,5.660723,5.891461,2.017104,13.303016,28.829456,0.069883
lsmi,gray_pixels,yang,angular_error,single_illuminant_errors,3396,3.578031,2.49502,2.653464,0.744188,8.371371,38.638317,0.039161
lsmi,gray_pixels,yang,mean_angular_error,multi_illuminant_errors,4088,6.610783,4.375709,4.712961,1.847924,15.489522,55.252598,0.217313
lsmi,gray_pixels,yang,mean_recovery_angular_error,multi_illuminant_errors,4088,6.610783,4.375709,4.712961,1.847924,15.489522,55.252598,0.217313
lsmi,gray_pixels,yang,mean_recovery_delta_e_2000,multi_illuminant_errors,4088,5.814281,3.708369,4.035645,1.513451,13.933435,47.213876,0.216267
lsmi,gray_pixels,yang,mean_reproduction_angular_error,multi_illuminant_errors,4088,7.981869,5.831397,6.132832,2.442745,17.539233,43.696342,0.221803
lsmi,gray_pixels,yang,mean_reproduction_delta_e_2000,multi_illuminant_errors,4088,9.282199,7.889108,8.193165,4.016226,16.933313,31.574382,0.620114
lsmi,gray_pixels,yang,recovery_angular_error,single_illuminant_errors,3396,3.578031,2.49502,2.653464,0.744188,8.371371,38.638317,0.039161
lsmi,gray_pixels,yang,recovery_delta_e_2000,single_illuminant_errors,3396,3.057511,2.21134,2.312237,0.639689,7.052836,31.747735,0.028008
lsmi,gray_pixels,yang,reproduction_angular_error,single_illuminant_errors,3396,4.581311,3.272264,3.476814,0.931543,10.574265,38.257512,0.048619
lsmi,gray_pixels,yang,reproduction_delta_e_2000,single_illuminant_errors,3396,5.821966,4.918463,5.048149,1.713499,11.618548,28.687556,0.109982
lsmi,gray_world,naive,angular_error,single_illuminant_errors,3396,4.547428,3.499516,3.709443,1.068588,9.834161,40.454218,0.03359
lsmi,gray_world,naive,mean_angular_error,multi_illuminant_errors,4088,7.221762,5.159092,5.481965,2.108385,16.055846,54.674198,0.177356
lsmi,gray_world,naive,mean_recovery_angular_error,multi_illuminant_errors,4088,7.221762,5.159092,5.481965,2.108385,16.055846,54.674198,0.177356
lsmi,gray_world,naive,mean_recovery_delta_e_2000,multi_illuminant_errors,4088,6.297514,4.360312,4.656253,1.723485,14.301089,47.039148,0.125078
lsmi,gray_world,naive,mean_reproduction_angular_error,multi_illuminant_errors,4088,8.516732,6.555535,6.860146,2.743782,17.880456,43.57806,0.187029
lsmi,gray_world,naive,mean_reproduction_delta_e_2000,multi_illuminant_errors,4088,10.392613,9.413839,9.629053,4.596189,17.856208,31.543911,0.502038
lsmi,gray_world,naive,recovery_angular_error,single_illuminant_errors,3396,4.547428,3.499516,3.709443,1.068588,9.834161,40.454218,0.03359
lsmi,gray_world,naive,recovery_delta_e_2000,single_illuminant_errors,3396,3.881695,2.991624,3.162532,0.904558,8.405509,32.86662,0.024729
lsmi,gray_world,naive,reproduction_angular_error,single_illuminant_errors,3396,5.500027,4.318691,4.569763,1.323348,11.715177,38.836637,0.043328
lsmi,gray_world,naive,reproduction_delta_e_2000,single_illuminant_errors,3396,7.852267,7.045272,7.301749,2.47959,14.579997,28.881767,0.071991
lsmi,local_space_average_color,default,mean_angular_error,multi_illuminant_errors,7484,6.533448,4.825982,5.082052,2.125199,14.024396,54.43367,0.510197
lsmi,local_space_average_color,default,mean_recovery_angular_error,multi_illuminant_errors,7484,6.533448,4.825982,5.082052,2.125199,14.024396,54.43367,0.510197
lsmi,local_space_average_color,default,mean_recovery_delta_e_2000,multi_illuminant_errors,7484,5.679118,4.186247,4.418082,1.861186,12.201307,47.158435,0.466504
lsmi,local_space_average_color,default,mean_reproduction_angular_error,multi_illuminant_errors,7484,7.806587,6.037912,6.348167,2.714764,16.04315,43.775478,0.599759
lsmi,local_space_average_color,default,mean_reproduction_delta_e_2000,multi_illuminant_errors,7484,9.374403,8.466365,8.60623,4.242147,16.17762,31.77508,1.058765
lsmi,max_rgb,naive,angular_error,single_illuminant_errors,3396,12.24362,14.736758,13.085246,2.807743,19.842203,41.434501,0.0
lsmi,max_rgb,naive,mean_angular_error,multi_illuminant_errors,4088,15.884997,16.762039,16.639225,7.587286,22.479492,57.089455,0.524852
lsmi,max_rgb,naive,mean_recovery_angular_error,multi_illuminant_errors,4088,15.884997,16.762039,16.639225,7.587286,22.479492,57.089455,0.524852
lsmi,max_rgb,naive,mean_recovery_delta_e_2000,multi_illuminant_errors,4088,18.631817,21.791075,20.5821,7.666889,24.629831,46.431021,0.412215
lsmi,max_rgb,naive,mean_reproduction_angular_error,multi_illuminant_errors,4088,16.107373,16.820208,16.782442,8.39523,22.370049,43.111038,0.540951
lsmi,max_rgb,naive,mean_reproduction_delta_e_2000,multi_illuminant_errors,4088,20.032715,22.008443,21.547838,12.6426,24.040676,30.959419,1.464094
lsmi,max_rgb,naive,recovery_angular_error,single_illuminant_errors,3396,12.24362,14.736758,13.085246,2.807743,19.842203,41.434501,0.0
lsmi,max_rgb,naive,recovery_delta_e_2000,single_illuminant_errors,3396,14.850597,19.648168,16.774945,2.523951,23.679294,47.180051,0.0
lsmi,max_rgb,naive,reproduction_angular_error,single_illuminant_errors,3396,12.572689,14.992791,13.489105,3.279203,19.843229,36.189677,0.0
lsmi,max_rgb,naive,reproduction_delta_e_2000,single_illuminant_errors,3396,17.022148,21.3172,19.015404,5.904051,23.463857,26.940651,0.0
lsmi,multi_light_grid,gray_edge,mean_angular_error,multi_illuminant_errors,7484,9.254122,7.778278,7.971884,4.438556,16.793821,61.353203,1.351092
lsmi,multi_light_grid,gray_edge,mean_recovery_angular_error,multi_illuminant_errors,7484,9.254122,7.778278,7.971884,4.438556,16.793821,61.353203,1.351092
lsmi,multi_light_grid,gray_edge,mean_recovery_delta_e_2000,multi_illuminant_errors,7484,9.425769,7.582209,7.867284,3.766703,18.390266,81.219873,1.086799
lsmi,multi_light_grid,gray_edge,mean_reproduction_angular_error,multi_illuminant_errors,7484,9.901144,8.578329,8.751118,5.160011,17.103787,51.911942,1.904844
lsmi,multi_light_grid,gray_edge,mean_reproduction_delta_e_2000,multi_illuminant_errors,7484,13.854144,13.641987,13.657098,9.176123,18.97011,32.489558,3.688227
lsmi,multi_light_grid,gray_world,mean_angular_error,multi_illuminant_errors,7484,6.75314,4.965183,5.262531,2.144551,14.545504,55.417248,0.594585
lsmi,multi_light_grid,gray_world,mean_recovery_angular_error,multi_illuminant_errors,7484,6.75314,4.965183,5.262531,2.144551,14.545504,55.417248,0.594585
lsmi,multi_light_grid,gray_world,mean_recovery_delta_e_2000,multi_illuminant_errors,7484,5.829972,4.23474,4.528139,1.854045,12.631251,47.260907,0.55488
lsmi,multi_light_grid,gray_world,mean_reproduction_angular_error,multi_illuminant_errors,7484,8.010858,6.227399,6.553133,2.751591,16.374338,43.911419,0.695206
lsmi,multi_light_grid,gray_world,mean_reproduction_delta_e_2000,multi_illuminant_errors,7484,9.458837,8.496469,8.692294,4.285201,16.29619,31.861438,1.265025
lsmi,shades_of_gray,default,angular_error,single_illuminant_errors,3396,7.679784,6.756576,7.122194,1.228841,15.516928,34.888153,0.005762
lsmi,shades_of_gray,default,mean_angular_error,multi_illuminant_errors,4088,10.241585,9.83158,9.772133,2.947801,18.462073,57.174,0.275746
lsmi,shades_of_gray,default,mean_recovery_angular_error,multi_illuminant_errors,4088,10.241585,9.83158,9.772133,2.947801,18.462073,57.174,0.275746
lsmi,shades_of_gray,default,mean_recovery_delta_e_2000,multi_illuminant_errors,4088,10.139402,9.140348,9.434132,2.478071,19.307194,46.600117,0.298498
lsmi,shades_of_gray,default,mean_reproduction_angular_error,multi_illuminant_errors,4088,11.107356,10.941067,10.750077,3.72526,19.164392,43.495808,0.308455
lsmi,shades_of_gray,default,mean_reproduction_delta_e_2000,multi_illuminant_errors,4088,14.849571,15.972783,15.402858,6.218341,21.985765,31.257053,0.546273
lsmi,shades_of_gray,default,recovery_angular_error,single_illuminant_errors,3396,7.679784,6.756576,7.122194,1.228841,15.516928,34.888153,0.005762
lsmi,shades_of_gray,default,recovery_delta_e_2000,single_illuminant_errors,3396,8.098374,6.142475,7.051937,1.101659,17.566184,29.532884,0.003932
lsmi,shades_of_gray,default,reproduction_angular_error,single_illuminant_errors,3396,8.219212,7.691196,7.818544,1.501245,15.902769,36.481474,0.009685
lsmi,shades_of_gray,default,reproduction_delta_e_2000,single_illuminant_errors,3396,12.385443,12.572812,12.486699,2.705519,21.531258,27.923252,0.024361
lsmi,shades_of_gray,p3,angular_error,single_illuminant_errors,3396,6.056314,4.490196,5.09312,1.082026,13.248899,35.27231,0.018911
lsmi,shades_of_gray,p3,mean_angular_error,multi_illuminant_errors,4088,8.555326,6.89504,7.328469,2.238133,17.581325,56.163177,0.049254
lsmi,shades_of_gray,p3,mean_recovery_angular_error,multi_illuminant_errors,4088,8.555326,6.89504,7.328469,2.238133,17.581325,56.163177,0.049254
lsmi,shades_of_gray,p3,mean_recovery_delta_e_2000,multi_illuminant_errors,4088,7.974589,6.06781,6.686114,1.856681,17.017827,46.403619,0.041025
lsmi,shades_of_gray,p3,mean_reproduction_angular_error,multi_illuminant_errors,4088,9.610946,8.085294,8.44405,2.946242,18.82226,43.461441,0.071369
lsmi,shades_of_gray,p3,mean_reproduction_delta_e_2000,multi_illuminant_errors,4088,12.553229,12.179069,12.322446,4.872914,20.807844,31.313794,0.124326
lsmi,shades_of_gray,p3,recovery_angular_error,single_illuminant_errors,3396,6.056314,4.490196,5.09312,1.082026,13.248899,35.27231,0.018911
lsmi,shades_of_gray,p3,recovery_delta_e_2000,single_illuminant_errors,3396,5.955795,3.994352,4.727096,0.952964,13.834638,29.743834,0.013519
lsmi,shades_of_gray,p3,reproduction_angular_error,single_illuminant_errors,3396,6.704986,5.363725,5.840448,1.343989,14.017745,36.593259,0.02587
lsmi,shades_of_gray,p3,reproduction_delta_e_2000,single_illuminant_errors,3396,10.285544,9.062457,9.707039,2.40555,19.786057,27.937712,0.059267
nus8,bright_pixels,top_5_percent,angular_error,single_illuminant_errors,1736,3.172692,2.346936,2.488938,0.65117,7.216483,19.340317,0.038784
nus8,bright_pixels,top_5_percent,recovery_angular_error,single_illuminant_errors,1736,3.172692,2.346936,2.488938,0.65117,7.216483,19.340317,0.038784
nus8,bright_pixels,top_5_percent,recovery_delta_e_2000,single_illuminant_errors,1736,2.753077,2.042975,2.173265,0.551125,6.232835,15.458547,0.023411
nus8,bright_pixels,top_5_percent,reproduction_angular_error,single_illuminant_errors,1736,4.373508,3.183335,3.402901,0.822442,10.087557,27.443431,0.046898
nus8,bright_pixels,top_5_percent,reproduction_delta_e_2000,single_illuminant_errors,1736,6.062981,4.954911,5.185805,1.628316,12.475357,24.463456,0.147952
nus8,cheng,prc_0_5,angular_error,single_illuminant_errors,1736,2.724227,1.965424,2.129281,0.59908,6.14896,18.841849,0.042232
nus8,cheng,prc_0_5,recovery_angular_error,single_illuminant_errors,1736,2.724227,1.965424,2.129281,0.59908,6.14896,18.841849,0.042232
nus8,cheng,prc_0_5,recovery_delta_e_2000,single_illuminant_errors,1736,2.400707,1.747841,1.893955,0.497413,5.439109,17.300625,0.036546
nus8,cheng,prc_0_5,reproduction_angular_error,single_illuminant_errors,1736,3.716375,2.534691,2.822871,0.734478,8.616197,27.152166,0.043846
nus8,cheng,prc_0_5,reproduction_delta_e_2000,single_illuminant_errors,1736,5.445763,4.351614,4.630768,1.492377,11.233684,24.665458,0.145672
nus8,fast_awb,default,angular_error,single_illuminant_errors,1736,4.109327,3.129862,3.330794,0.897209,9.069193,22.370541,0.021221
nus8,fast_awb,default,recovery_angular_error,single_illuminant_errors,1736,4.109327,3.129862,3.330794,0.897209,9.069193,22.370541,0.021221
nus8,fast_awb,default,recovery_delta_e_2000,single_illuminant_errors,1736,3.505929,2.65185,2.85787,0.740838,7.779995,20.44884,0.0155
nus8,fast_awb,default,reproduction_angular_error,single_illuminant_errors,1736,5.413942,4.253222,4.489349,1.136347,11.806305,24.702974,0.032381
nus8,fast_awb,default,reproduction_delta_e_2000,single_illuminant_errors,1736,7.396869,6.349405,6.638318,2.193074,14.284543,24.833326,0.051261
nus8,gray_edge,first_order,angular_error,single_illuminant_errors,1736,4.168107,3.46187,3.672357,1.347469,8.090674,20.268326,0.028186
nus8,gray_edge,first_order,recovery_angular_error,single_illuminant_errors,1736,4.168107,3.46187,3.672357,1.347469,8.090674,20.268326,0.028186
nus8,gray_edge,first_order,recovery_delta_e_2000,single_illuminant_errors,1736,3.500493,2.868253,3.050411,1.067046,6.958906,17.613373,0.022134
nus8,gray_edge,first_order,reproduction_angular_error,single_illuminant_errors,1736,5.092199,4.296373,4.517426,1.6104,9.89575,25.769398,0.03852
nus8,gray_edge,first_order,reproduction_delta_e_2000,single_illuminant_errors,1736,8.398505,7.769993,7.862168,3.33814,14.507405,24.838555,0.059724
nus8,gray_pixels,qian_gi,angular_error,single_illuminant_errors,1736,4.128753,2.83762,3.203824,0.846519,9.522567,25.717937,0.050344
nus8,gray_pixels,qian_gi,recovery_angular_error,single_illuminant_errors,1736,4.128753,2.83762,3.203824,0.846519,9.522567,25.717937,0.050344
nus8,gray_pixels,qian_gi,recovery_delta_e_2000,single_illuminant_errors,1736,3.606516,2.425603,2.745921,0.69345,8.53501,34.308158,0.039033
nus8,gray_pixels,qian_gi,reproduction_angular_error,single_illuminant_errors,1736,5.452304,3.898973,4.292404,1.087505,12.458944,29.426497,0.049678
nus8,gray_pixels,qian_gi,reproduction_delta_e_2000,single_illuminant_errors,1736,7.571339,6.145233,6.531283,2.109431,15.527052,27.824901,0.17076
nus8,gray_pixels,yang,angular_error,single_illuminant_errors,1736,3.418255,2.43564,2.761087,0.747732,7.736201,18.131074,0.028768
nus8,gray_pixels,yang,recovery_angular_error,single_illuminant_errors,1736,3.418255,2.43564,2.761087,0.747732,7.736201,18.131074,0.028768
nus8,gray_pixels,yang,recovery_delta_e_2000,single_illuminant_errors,1736,2.928418,2.120154,2.361352,0.615489,6.621725,15.82122,0.025428
nus8,gray_pixels,yang,reproduction_angular_error,single_illuminant_errors,1736,4.628956,3.335176,3.755651,0.946529,10.47288,24.254211,0.037123
nus8,gray_pixels,yang,reproduction_delta_e_2000,single_illuminant_errors,1736,6.450585,5.160581,5.64009,1.861761,12.947161,25.251539,0.070153
nus8,gray_world,naive,angular_error,single_illuminant_errors,1736,4.097846,3.094329,3.319624,0.908251,9.037818,22.415089,0.076863
nus8,gray_world,naive,recovery_angular_error,single_illuminant_errors,1736,4.097846,3.094329,3.319624,0.908251,9.037818,22.415089,0.076863
nus8,gray_world,naive,recovery_delta_e_2000,single_illuminant_errors,1736,3.49183,2.604105,2.823267,0.74699,7.744625,20.66061,0.061878
nus8,gray_world,naive,reproduction_angular_error,single_illuminant_errors,1736,5.398075,4.220776,4.457988,1.140073,11.768738,24.689484,0.081098
nus8,gray_world,naive,reproduction_delta_e_2000,single_illuminant_errors,1736,7.392722,6.310216,6.630194,2.237619,14.242865,24.832871,0.207647
nus8,local_space_average_color,default,mean_angular_error,multi_illuminant_errors,1736,5.088779,4.201292,4.458441,1.999843,9.576514,26.138258,0.732513
nus8,local_space_average_color,default,mean_recovery_angular_error,multi_illuminant_errors,1736,5.088779,4.201292,4.458441,1.999843,9.576514,26.138258,0.732513
nus8,local_space_average_color,default,mean_recovery_delta_e_2000,multi_illuminant_errors,1736,4.351702,3.619463,3.816154,1.698595,8.239427,25.290742,0.541956
nus8,local_space_average_color,default,mean_reproduction_angular_error,multi_illuminant_errors,1736,6.650988,5.676762,5.904987,2.635843,12.276306,25.39134,0.993277
nus8,local_space_average_color,default,mean_reproduction_delta_e_2000,multi_illuminant_errors,1736,8.812658,8.143653,8.291012,4.203722,14.589889,24.804688,1.608475
nus8,max_rgb,naive,angular_error,single_illuminant_errors,1736,12.848224,16.296009,14.130213,2.03725,21.388526,39.853682,0.191076
nus8,max_rgb,naive,recovery_angular_error,single_illuminant_errors,1736,12.848224,16.296009,14.130213,2.03725,21.388526,39.853682,0.191076
nus8,max_rgb,naive,recovery_delta_e_2000,single_illuminant_errors,1736,14.837496,19.984665,16.812281,1.764289,24.255765,51.171106,0.129071
nus8,max_rgb,naive,reproduction_angular_error,single_illuminant_errors,1736,13.190039,16.45995,14.446411,2.410108,21.415306,33.764816,0.182422
nus8,max_rgb,naive,reproduction_delta_e_2000,single_illuminant_errors,1736,17.209384,22.293302,19.333719,4.795329,24.120916,27.180474,0.412478
nus8,multi_light_grid,gray_edge,mean_angular_error,multi_illuminant_errors,1736,5.991769,5.134765,5.223373,2.557209,11.074,61.744045,0.999284
nus8,multi_light_grid,gray_edge,mean_recovery_angular_error,multi_illuminant_errors,1736,5.991769,5.134765,5.223373,2.557209,11.074,61.744045,0.999284
nus8,multi_light_grid,gray_edge,mean_recovery_delta_e_2000,multi_illuminant_errors,1736,5.494826,4.368344,4.517219,2.123839,10.917309,66.828987,0.758641
nus8,multi_light_grid,gray_edge,mean_reproduction_angular_error,multi_illuminant_errors,1736,7.028343,6.147608,6.260004,3.129255,12.521201,51.127293,1.170841
nus8,multi_light_grid,gray_edge,mean_reproduction_delta_e_2000,multi_illuminant_errors,1736,10.492945,9.925898,9.976495,5.599436,16.430215,31.950259,2.429416
nus8,multi_light_grid,gray_world,mean_angular_error,multi_illuminant_errors,1736,5.288829,4.430324,4.682557,2.125731,9.840206,29.659266,0.67098
nus8,multi_light_grid,gray_world,mean_recovery_angular_error,multi_illuminant_errors,1736,5.288829,4.430324,4.682557,2.125731,9.840206,29.659266,0.67098
nus8,multi_light_grid,gray_world,mean_recovery_delta_e_2000,multi_illuminant_errors,1736,4.508984,3.789268,3.985488,1.792831,8.438575,29.223274,0.580127
nus8,multi_light_grid,gray_world,mean_reproduction_angular_error,multi_illuminant_errors,1736,6.83648,5.915987,6.19158,2.792962,12.428129,25.987602,0.922009
nus8,multi_light_grid,gray_world,mean_reproduction_delta_e_2000,multi_illuminant_errors,1736,9.05962,8.409432,8.609918,4.490766,14.660619,24.873929,1.516889
nus8,shades_of_gray,default,angular_error,single_illuminant_errors,1736,5.567307,4.242127,4.804249,1.196101,11.828488,24.484936,0.026454
nus8,shades_of_gray,default,recovery_angular_error,single_illuminant_errors,1736,5.567307,4.242127,4.804249,1.196101,11.828488,24.484936,0.026454
nus8,shades_of_gray,default,recovery_delta_e_2000,single_illuminant_errors,1736,5.186676,3.60131,4.270599,1.029454,11.637487,21.569183,0.019896
nus8,shades_of_gray,default,reproduction_angular_error,single_illuminant_errors,1736,6.418279,5.191087,5.639581,1.463064,13.248289,25.535795,0.025839
nus8,shades_of_gray,default,reproduction_delta_e_2000,single_illuminant_errors,1736,10.504522,8.949047,9.866287,2.817405,19.74198,24.654379,0.087161
nus8,shades_of_gray,p3,angular_error,single_illuminant_errors,1736,4.150504,3.29104,3.557761,0.992816,8.720715,17.089074,0.036093
nus8,shades_of_gray,p3,recovery_angular_error,single_illuminant_errors,1736,4.150504,3.29104,3.557761,0.992816,8.720715,17.089074,0.036093
nus8,shades_of_gray,p3,recovery_delta_e_2000,single_illuminant_errors,1736,3.712456,2.876577,3.083622,0.843822,8.002266,18.402349,0.034515
nus8,shades_of_gray,p3,reproduction_angular_error,single_illuminant_errors,1736,5.152919,4.254759,4.509701,1.233498,10.595012,23.4287,0.040319
nus8,shades_of_gray,p3,reproduction_delta_e_2000,single_illuminant_errors,1736,7.931841,6.794831,7.158298,2.340066,15.415197,22.996984,0.089978
nus8extended,bright_pixels,top_5_percent,angular_error,single_illuminant_errors,1853,3.20744,2.353052,2.517886,0.662191,7.279555,19.340317,0.038784
nus8extended,bright_pixels,top_5_percent,recovery_angular_error,single_illuminant_errors,1853,3.20744,2.353052,2.517886,0.662191,7.279555,19.340317,0.038784
nus8extended,bright_pixels,top_5_percent,recovery_delta_e_2000,single_illuminant_errors,1853,2.791755,2.049565,2.195089,0.560671,6.307954,15.458547,0.023411
nus8extended,bright_pixels,top_5_percent,reproduction_angular_error,single_illuminant_errors,1853,4.415729,3.194443,3.428539,0.835486,10.168099,27.443431,0.046898
nus8extended,bright_pixels,top_5_percent,reproduction_delta_e_2000,single_illuminant_errors,1853,6.126396,5.015524,5.274099,1.654289,12.573035,24.463456,0.147952
nus8extended,cheng,prc_0_5,angular_error,single_illuminant_errors,1853,2.788337,2.01758,2.181183,0.612829,6.280834,18.841849,0.042232
nus8extended,cheng,prc_0_5,recovery_angular_error,single_illuminant_errors,1853,2.788337,2.01758,2.181183,0.612829,6.280834,18.841849,0.042232
nus8extended,cheng,prc_0_5,recovery_delta_e_2000,single_illuminant_errors,1853,2.468401,1.793377,1.942967,0.511283,5.59072,17.300625,0.036546
nus8extended,cheng,prc_0_5,reproduction_angular_error,single_illuminant_errors,1853,3.798022,2.646793,2.916512,0.751492,8.790672,27.152166,0.043846
nus8extended,cheng,prc_0_5,reproduction_delta_e_2000,single_illuminant_errors,1853,5.558316,4.499372,4.745358,1.525006,11.435133,24.665458,0.145672
nus8extended,fast_awb,default,angular_error,single_illuminant_errors,1853,4.142744,3.182731,3.382165,0.904717,9.122371,22.370541,0.021221
nus8extended,fast_awb,default,recovery_angular_error,single_illuminant_errors,1853,4.142744,3.182731,3.382165,0.904717,9.122371,22.370541,0.021221
nus8extended,fast_awb,default,recovery_delta_e_2000,single_illuminant_errors,1853,3.550267,2.691282,2.898935,0.749538,7.860237,20.44884,0.0155
nus8extended,fast_awb,default,reproduction_angular_error,single_illuminant_errors,1853,5.440148,4.289299,4.523892,1.144857,11.833999,24.702974,0.032381
nus8extended,fast_awb,default,reproduction_delta_e_2000,single_illuminant_errors,1853,7.438103,6.414229,6.695884,2.209748,14.341749,24.833326,0.051261
nus8extended,gray_edge,first_order,angular_error,single_illuminant_errors,1853,4.201735,3.504591,3.709781,1.355389,8.15756,20.268326,0.028186
nus8extended,gray_edge,first_order,recovery_angular_error,single_illuminant_errors,1853,4.201735,3.504591,3.709781,1.355389,8.15756,20.268326,0.028186
nus8extended,gray_edge,first_order,recovery_delta_e_2000,single_illuminant_errors,1853,3.541645,2.897368,3.076534,1.077569,7.043664,17.613373,0.022134
nus8extended,gray_edge,first_order,reproduction_angular_error,single_illuminant_errors,1853,5.123543,4.331899,4.555546,1.614865,9.965159,25.769398,0.03852
nus8extended,gray_edge,first_order,reproduction_delta_e_2000,single_illuminant_errors,1853,8.44149,7.795436,7.901795,3.3557,14.550665,24.838555,0.059724
nus8extended,gray_pixels,qian_gi,angular_error,single_illuminant_errors,1853,4.159202,2.876396,3.248354,0.858868,9.585441,25.717937,0.050344
nus8extended,gray_pixels,qian_gi,recovery_angular_error,single_illuminant_errors,1853,4.159202,2.876396,3.248354,0.858868,9.585441,25.717937,0.050344
nus8extended,gray_pixels,qian_gi,recovery_delta_e_2000,single_illuminant_errors,1853,3.631929,2.436865,2.764542,0.703688,8.567487,34.308158,0.039033
nus8extended,gray_pixels,qian_gi,reproduction_angular_error,single_illuminant_errors,1853,5.487704,3.900937,4.318683,1.104307,12.538243,29.426497,0.049678
nus8extended,gray_pixels,qian_gi,reproduction_delta_e_2000,single_illuminant_errors,1853,7.615875,6.155393,6.576715,2.136539,15.604333,27.824901,0.17076
nus8extended,gray_pixels,yang,angular_error,single_illuminant_errors,1853,3.452436,2.46681,2.786064,0.756115,7.807964,18.131074,0.028768
nus8extended,gray_pixels,yang,recovery_angular_error,single_illuminant_errors,1853,3.452436,2.46681,2.786064,0.756115,7.807964,18.131074,0.028768
nus8extended,gray_pixels,yang,recovery_delta_e_2000,single_illuminant_errors,1853,2.963341,2.140604,2.390779,0.623872,6.689309,15.82122,0.025428
nus8extended,gray_pixels,yang,reproduction_angular_error,single_illuminant_errors,1853,4.66843,3.349997,3.775541,0.958844,10.561321,24.254211,0.037123
nus8extended,gray_pixels,yang,reproduction_delta_e_2000,single_illuminant_errors,1853,6.495417,5.226312,5.679031,1.871954,13.035876,25.251539,0.070153
nus8extended,gray_world,naive,angular_error,single_illuminant_errors,1853,4.131256,3.152384,3.374485,0.91566,9.091013,22.415089,0.076863
nus8extended,gray_world,naive,recovery_angular_error,single_illuminant_errors,1853,4.131256,3.152384,3.374485,0.91566,9.091013,22.415089,0.076863
nus8extended,gray_world,naive,recovery_delta_e_2000,single_illuminant_errors,1853,3.53615,2.665749,2.875126,0.755337,7.825307,20.66061,0.061878
nus8extended,gray_world,naive,reproduction_angular_error,single_illuminant_errors,1853,5.424396,4.247942,4.496432,1.149001,11.796629,24.689484,0.081098
nus8extended,gray_world,naive,reproduction_delta_e_2000,single_illuminant_errors,1853,7.433575,6.394779,6.690746,2.254018,14.300263,24.832871,0.207647
nus8extended,local_space_average_color,default,mean_angular_error,multi_illuminant_errors,1853,5.122497,4.213289,4.473797,2.016575,9.647321,26.138258,0.732513
nus8extended,local_space_average_color,default,mean_recovery_angular_error,multi_illuminant_errors,1853,5.122497,4.213289,4.473797,2.016575,9.647321,26.138258,0.732513
nus8extended,local_space_average_color,default,mean_recovery_delta_e_2000,multi_illuminant_errors,1853,4.397152,3.647641,3.845027,1.716775,8.340097,25.290742,0.541956
nus8extended,local_space_average_color,default,mean_reproduction_angular_error,multi_illuminant_errors,1853,6.678983,5.677236,5.918155,2.654176,12.334367,25.39134,0.993277
nus8extended,local_space_average_color,default,mean_reproduction_delta_e_2000,multi_illuminant_errors,1853,8.853491,8.165327,8.321653,4.230673,14.669731,24.804688,1.608475
nus8extended,max_rgb,naive,angular_error,single_illuminant_errors,1853,12.955955,16.422271,14.254404,2.112608,21.359357,39.853682,0.191076
nus8extended,max_rgb,naive,recovery_angular_error,single_illuminant_errors,1853,12.955955,16.422271,14.254404,2.112608,21.359357,39.853682,0.191076
nus8extended,max_rgb,naive,recovery_delta_e_2000,single_illuminant_errors,1853,15.008223,20.529388,17.162442,1.837294,24.237211,51.171106,0.129071
nus8extended,max_rgb,naive,reproduction_angular_error,single_illuminant_errors,1853,13.291488,16.545077,14.53979,2.491114,21.395692,33.764816,0.182422
nus8extended,max_rgb,naive,reproduction_delta_e_2000,single_illuminant_errors,1853,17.335255,22.367241,19.458948,4.927176,24.114255,27.180474,0.412478
nus8extended,multi_light_grid,gray_edge,mean_angular_error,multi_illuminant_errors,1853,6.1102,5.150906,5.243838,2.561652,11.48758,61.744045,0.999284
nus8extended,multi_light_grid,gray_edge,mean_recovery_angular_error,multi_illuminant_errors,1853,6.1102,5.150906,5.243838,2.561652,11.48758,61.744045,0.999284
nus8extended,multi_light_grid,gray_edge,mean_recovery_delta_e_2000,multi_illuminant_errors,1853,5.652309,4.415012,4.570765,2.132486,11.456564,69.167957,0.758641
nus8extended,multi_light_grid,gray_edge,mean_reproduction_angular_error,multi_illuminant_errors,1853,7.1329,6.182685,6.293491,3.133193,12.883603,51.127293,1.170841
nus8extended,multi_light_grid,gray_edge,mean_reproduction_delta_e_2000,multi_illuminant_errors,1853,10.553864,9.947935,10.017262,5.600511,16.603459,31.950259,2.429416
nus8extended,multi_light_grid,gray_world,mean_angular_error,multi_illuminant_errors,1853,5.315557,4.455959,4.69991,2.136132,9.911534,29.659266,0.67098
nus8extended,multi_light_grid,gray_world,mean_recovery_angular_error,multi_illuminant_errors,1853,5.315557,4.455959,4.69991,2.136132,9.911534,29.659266,0.67098
nus8extended,multi_light_grid,gray_world,mean_recovery_delta_e_2000,multi_illuminant_errors,1853,4.5481,3.800936,4.003246,1.805468,8.534942,29.223274,0.580127
nus8extended,multi_light_grid,gray_world,mean_reproduction_angular_error,multi_illuminant_errors,1853,6.855306,5.911875,6.195136,2.803253,12.485858,25.987602,0.922009
nus8extended,multi_light_grid,gray_world,mean_reproduction_delta_e_2000,multi_illuminant_errors,1853,9.087177,8.409575,8.617703,4.508985,14.721851,24.873929,1.516889
nus8extended,shades_of_gray,default,angular_error,single_illuminant_errors,1853,5.655615,4.386441,4.936395,1.231878,11.882635,24.484936,0.026454
nus8extended,shades_of_gray,default,recovery_angular_error,single_illuminant_errors,1853,5.655615,4.386441,4.936395,1.231878,11.882635,24.484936,0.026454
nus8extended,shades_of_gray,default,recovery_delta_e_2000,single_illuminant_errors,1853,5.299544,3.757976,4.41077,1.064705,11.76387,21.569183,0.019896
nus8extended,shades_of_gray,default,reproduction_angular_error,single_illuminant_errors,1853,6.505493,5.325235,5.745221,1.505162,13.308573,25.535795,0.025839
nus8extended,shades_of_gray,default,reproduction_delta_e_2000,single_illuminant_errors,1853,10.646458,9.267922,10.083966,2.886812,19.791398,24.654379,0.087161
nus8extended,shades_of_gray,p3,angular_error,single_illuminant_errors,1853,4.217744,3.360632,3.632635,1.022768,8.803957,19.963548,0.036093
nus8extended,shades_of_gray,p3,recovery_angular_error,single_illuminant_errors,1853,4.217744,3.360632,3.632635,1.022768,8.803957,19.963548,0.036093
nus8extended,shades_of_gray,p3,recovery_delta_e_2000,single_illuminant_errors,1853,3.794377,2.939777,3.172867,0.872448,8.142031,20.496993,0.034515
nus8extended,shades_of_gray,p3,reproduction_angular_error,single_illuminant_errors,1853,5.214579,4.332353,4.599579,1.267775,10.665215,23.4287,0.040319
nus8extended,shades_of_gray,p3,reproduction_delta_e_2000,single_illuminant_errors,1853,8.052455,6.9045,7.273661,2.402642,15.555843,22.996984,0.089978
